<session version="1.1" release="U-2023.03-SP2" timestp="2024-07-01 20:54:05 GMT">
  <info>
    <attr name="datetime" value="Mon Jul  1 16:54:06 2024
"/>
    <attr name="command" value="urg -dir simv.vdb -format text"/>
  </info>
  <hvp>
    <datadef>
      <metdef name="Group" type="percent" aggregator="average" builtin="1" />
    </datadef>
  </hvp>
  <old_coverage>
  <scope type="top" name="top">
    <metric name="Group" value="100%" />
  </scope>
  <scope type="instance" name="top">
  </scope>
  <scope type="group" name="top">
    <scope type="group" name="coverage_class::mem_driver::datac">
      <metric name="Group" value="100%" />
    </scope>
    <scope type="group" name="coverage_class::mem_driver::memory">
      <metric name="Group" value="100%" />
    </scope>
  </scope>
  <scope type="assert" name="Statistics">
  </scope>
  </old_coverage>
</session>